filters,dropout,lr,accuracy
"(32, 64, 128)",0.5,0.001,0.8969889785251676
"(64, 128, 256)",0.3,0.0005,0.8014089308033178
