{"accuracy": 0.9642857142857143, "precision": 0.9551663361974003, "recall": 0.9678442028985508, "best_hyperparameters": {"filters_1": 32, "kernel_size_1": 5, "filters_2": 128, "kernel_size_2": 5, "dense_units": 32, "dropout_rate": 0.2, "learning_rate": 0.001}}